<?xml version="1.0" encoding="UTF-8"?>
<config xmlns="http://www.knime.org/2008/09/XMLConfig" xmlns:xsi="http://www.w3.org/2001/XMLSchema-instance" xsi:schemaLocation="http://www.knime.org/2008/09/XMLConfig http://www.knime.org/XMLConfig_2008_09.xsd" key="model.xml">
    <entry key="version" type="xint" value="1"/>
    <entry key="class_name" type="xstring" value="org.knime.base.data.normalize.NormalizerPortObject"/>
    <config key="model">
        <config key="columns">
            <config key="rowID">
                <entry key="column_name" type="xstring" value="rowID"/>
                <entry key="column_scale" type="xdouble" value="8.361204013377926E-4"/>
                <entry key="column_translate" type="xdouble" value="-8.361204013377926E-4"/>
                <entry key="column_min" type="xdouble" value="0.0"/>
                <entry key="column_max" type="xdouble" value="1.0"/>
            </config>
            <config key="team">
                <entry key="column_name" type="xstring" value="team"/>
                <entry key="column_scale" type="xdouble" value="0.09090909090909091"/>
                <entry key="column_translate" type="xdouble" value="-0.09090909090909091"/>
                <entry key="column_min" type="xdouble" value="0.0"/>
                <entry key="column_max" type="xdouble" value="1.0"/>
            </config>
            <config key="targeted_productivity">
                <entry key="column_name" type="xstring" value="targeted_productivity"/>
                <entry key="column_scale" type="xdouble" value="3.9999999999999964"/>
                <entry key="column_translate" type="xdouble" value="-2.1999999999999975"/>
                <entry key="column_min" type="xdouble" value="0.0"/>
                <entry key="column_max" type="xdouble" value="1.0"/>
            </config>
            <config key="smv">
                <entry key="column_name" type="xstring" value="smv"/>
                <entry key="column_scale" type="xdouble" value="0.01935733643050716"/>
                <entry key="column_translate" type="xdouble" value="-0.05613627564847076"/>
                <entry key="column_min" type="xdouble" value="0.0"/>
                <entry key="column_max" type="xdouble" value="1.0"/>
            </config>
            <config key="wip">
                <entry key="column_name" type="xstring" value="wip"/>
                <entry key="column_scale" type="xdouble" value="0.0011339617439708033"/>
                <entry key="column_translate" type="xdouble" value="-0.7249428916516791"/>
                <entry key="column_min" type="xdouble" value="0.0"/>
                <entry key="column_max" type="xdouble" value="1.0"/>
            </config>
            <config key="over_time">
                <entry key="column_name" type="xstring" value="over_time"/>
                <entry key="column_scale" type="xdouble" value="6.569870573549701E-5"/>
                <entry key="column_translate" type="xdouble" value="0.0"/>
                <entry key="column_min" type="xdouble" value="0.0"/>
                <entry key="column_max" type="xdouble" value="1.0"/>
            </config>
            <config key="incentive">
                <entry key="column_name" type="xstring" value="incentive"/>
                <entry key="column_scale" type="xdouble" value="0.008"/>
                <entry key="column_translate" type="xdouble" value="0.0"/>
                <entry key="column_min" type="xdouble" value="0.0"/>
                <entry key="column_max" type="xdouble" value="1.0"/>
            </config>
            <config key="idle_time">
                <entry key="column_name" type="xstring" value="idle_time"/>
                <entry key="column_scale" type="xdouble" value="0.125"/>
                <entry key="column_translate" type="xdouble" value="0.0"/>
                <entry key="column_min" type="xdouble" value="0.0"/>
                <entry key="column_max" type="xdouble" value="1.0"/>
            </config>
            <config key="idle_men">
                <entry key="column_name" type="xstring" value="idle_men"/>
                <entry key="column_scale" type="xdouble" value="0.025"/>
                <entry key="column_translate" type="xdouble" value="0.0"/>
                <entry key="column_min" type="xdouble" value="0.0"/>
                <entry key="column_max" type="xdouble" value="1.0"/>
            </config>
            <config key="no_of_style_change">
                <entry key="column_name" type="xstring" value="no_of_style_change"/>
                <entry key="column_scale" type="xdouble" value="0.5"/>
                <entry key="column_translate" type="xdouble" value="0.0"/>
                <entry key="column_min" type="xdouble" value="0.0"/>
                <entry key="column_max" type="xdouble" value="1.0"/>
            </config>
            <config key="no_of_workers">
                <entry key="column_name" type="xstring" value="no_of_workers"/>
                <entry key="column_scale" type="xdouble" value="0.011494252873563218"/>
                <entry key="column_translate" type="xdouble" value="-0.022988505747126436"/>
                <entry key="column_min" type="xdouble" value="0.0"/>
                <entry key="column_max" type="xdouble" value="1.0"/>
            </config>
            <config key="actual_productivity">
                <entry key="column_name" type="xstring" value="actual_productivity"/>
                <entry key="column_scale" type="xdouble" value="1.1277364219790489"/>
                <entry key="column_translate" type="xdouble" value="-0.2635581773011505"/>
                <entry key="column_min" type="xdouble" value="0.0"/>
                <entry key="column_max" type="xdouble" value="1.0"/>
            </config>
            <config key="Month (number)">
                <entry key="column_name" type="xstring" value="Month (number)"/>
                <entry key="column_scale" type="xdouble" value="0.5"/>
                <entry key="column_translate" type="xdouble" value="-0.5"/>
                <entry key="column_min" type="xdouble" value="0.0"/>
                <entry key="column_max" type="xdouble" value="1.0"/>
            </config>
            <config key="Day of month">
                <entry key="column_name" type="xstring" value="Day of month"/>
                <entry key="column_scale" type="xdouble" value="0.03333333333333333"/>
                <entry key="column_translate" type="xdouble" value="-0.03333333333333333"/>
                <entry key="column_min" type="xdouble" value="0.0"/>
                <entry key="column_max" type="xdouble" value="1.0"/>
            </config>
            <config key="Day of week (number)">
                <entry key="column_name" type="xstring" value="Day of week (number)"/>
                <entry key="column_scale" type="xdouble" value="0.16666666666666666"/>
                <entry key="column_translate" type="xdouble" value="-0.16666666666666666"/>
                <entry key="column_min" type="xdouble" value="0.0"/>
                <entry key="column_max" type="xdouble" value="1.0"/>
            </config>
        </config>
        <entry key="summary" type="xstring" value="Min/Max (0.0, 1) normalization on 15 column(s)"/>
    </config>
</config>
